domainName,
lacework.com.kz,
lacework.ms,
lacework.us,
lacework.tk,
lacework.com.ng,
lacework.hk,
lacework.com.sg,
mycloudsecurityplatform.com,
lacework.gq,
lacework.xyz,
lacework.info,
lacework.club,
lacework.tw,
lacework.sg,
lacework.page,
lacework.mx,
lacework.top,
lw-dev.net,
lacework.fi,
lacework.app,
polygraph.dev,
lacework.ai,
lacework.biz,
lacework.dev,
lacework.kz,
lacework.link,
lw-eco-public-dnsec-off.net,
lw-int.net,
lacework.mobi,
lacework.pro,
lacework.ng,
lacework-testing.net,
lacework.lv,
lacework.cm,
polygraph.cloud,
lacework.asia,
thedatacentriccloudsecurityplatform.com,
lacework.wtf,
lacework.tel,
lacework.ph,
lacework.site,
lacework.engineering,
lacework.ga,